"Variable Number","Variable Name","Description","Empty","Values","Notes"
,,,,,
1,"Subsid","Unique ID",,,"Available from 2011 onwards"
2,"weight","Weighting factor",,,"Available from 2011 onwards"
3,"qret2014 (formerly ret)","Household completed the survey in previous year",,,"Available from 2012 onwards"
,,,,,
4,"sex","Sex",1,"male","Available from 2011 onwards"
,,,2,"female",
5,"tenure","Housing tenure",1,"Outright owner","Available from 2011 onwards"
,,,2,"Mortgagor",
,,,3,"Local authority rented",
,,,4,"Housing association rented",
,,,5,"Private rented",
,,,8,"Other",
6,"soc","Social grade",,"A","Available 2012-2013"
,,,,"B",
,,,,"C1",
,,,,"C2",
,,,,"D",
,,,,"E",
,,,,"F",
7,"age","Age",,"continuous variable","Available  from 2011 onwards"
8,"age_grp","Age groups",1,"18-24",
,,,2,"25-34",
,,,3,"35-44",
,,,4,"45-54",
,,,5,"55-64",
,,,6,"65+",
9,"region","Region",1,"London (Inner & Outer)","Available from 2011 onwards"
,,,3,"Rest of South East",
,,,4,"South West",
,,,5,"East Anglia",
,,,6,"East Midlands",
,,,7,"West Midlands",
,,,9,"North West",
,,,12,"Yorkshire",
,,,15,"North West",
,,,17,"Wales",
,,,18,"Scotland",
10,"pubsecty","Does your household gain more than half of its income from work for the public sector (by this we mean working directly for the public sector or for industries or services that mainly depend on contracts with the government for their business activity)?",1,"Yes","Available 2011-2013"
,,,2,"No",
,,,,"Don't know",
,,,,"Prefer not to state",
11,"mastat","Marital status",1,"Married or living as couple","Available from 2012-2013"
,,,2,"Widowed/divorced/seperated",
,,,3,"Never married",
12,"jbstat2 (formerly jbstat)","Working status of respondent ",1,"self employed","Available from 2011 onwards"
,,,2,"in paid employment",
,,,3,"unemployed",
,,,4,"retired",
,,,6,"full time student",
,,,7,"not in work - long-term illness or disability",
,,,10,"something else",
13,"educ ","What is the highest educational or school qualification you have obtained?",,"GCSE/O-Level/CSE","Available from 2013 "
,,,,"Vocational qualifications (=NVQ1+2)",
,,,,"A-Level or equivalent (=NVQ3)",
,,,,"Bachelor Degree or equivalent (=NVQ4)",
,,,,"Masters, PHD or equivalent",
,,,,"Other",
,,,,"No formal qualifications",
,,,,"Still studying",
14,"huresp","Are you mainly or jointly responsible for the financial decision making in the household?",0,"No","Available from 2011 onwards"
,,,1,"Yes",
15,"fihhyr2","Pre-tax income",1,"<£4500","Available from 2011 onwards"
,,,2,"£4500-£6499",
,,,3,"£6500-£7499",
,,,4,"£7500-£9499",
,,,5,"£9500-£11499",
,,,6,"£11500-£13499",
,,,7,"£13500-£15499",
,,,8,"£15500-£17499",
,,,9,"£17500-£24999",
,,,10,"£25000-£29999",
,,,,"£30000-£39999",
,,,12,"£40000-£49999",
,,,13,"£50,000-£74,999",
,,,14,"£75000-£99999",
,,,15,">=£100000",
16,"fihhyr2_m","Pre-tax income (continuous measure)",,"£ []","Available from 2014 "
17,"dfihhyr","How much of your monthly income would you say your household has left after paying tax, national insurance, housing costs (eg. rent, mortgage repayments, council tax), loan repayments (eg. Personal loans, credit cards) and bills (eg. Electricity) ",1,"<£200","Available from 2011 onwards"
,,,2,"£200-£299",
,,,3,"£300-£399",
,,,4,"£400-£499",
,,,5,"£500-£599",
,,,6,"£600-£699",
,,,7,"£700-£799",
,,,8,"£800-£899",
,,,9,"£900-£999",
,,,10,"£1000-£1199",
,,,11,"£1200-£1399",
,,,12,"£1400-£1599",
,,,13,"£1600-£1799",
,,,14,"£1800-£1999",
,,,15,"£2000-£2999",
,,,16,"£3000-£3999",
,,,17,"£4000-£4999",
,,,18,">=£5000",
18,"dfihhyr_m","Post-tax monthly income (continuous measure)",,"£ []","Available from 2014 "
19,"dfihhyrchg","And how much would you say that your monthly left over income has changed over the past year?",1,"Gone down by more than £100 per month","Available in 2011 and 2012"
,,,2,"Gone down by between £50 and £100 per month",
,,,3,"Gone down by up to £50 per month",
,,,4,"Roughly the same",
,,,5,"Gone up by up to £50 per month",
,,,6,"Gone up by between £50 and £100 per month",
,,,7,"Gone up by more than £100 per month",
20,"saveamount","How much of your household monthly income would you say that you save every month?",1,"None","Available from 2011 onwards"
,,,2,"£1-£24",
,,,3,"£25-£49",
,,,4,"£50-£99",
,,,5,"£100-£149",
,,,6,"£150-£199",
,,,7,"£200 - £249",
,,,8,"£250 - £299",
,,,9,"£300 - £349",
,,,10,"£350 - £399",
,,,11,"£400 - £449",
,,,12,"£450 - £499",
,,,13,"£500 - £599",
,,,14,"£600 - £699",
,,,15,"£700 - £799",
,,,16,"£800 - £899",
,,,17,"£900 - £999",
,,,18,"£1,000 - £1,499",
,,,19,"£1,500 - £1,999",
,,,20,"£2,000 or more",
21,"saveamount_m","Monthly savings (continuous measure)",,"£ []","Available from 2014 "
22,"nvesttot ","How much do you (or any member of your household) currently have in total, saved up in savings and investments? Include bank /building society savings accounts or bonds, stock and shares, ISAs, Child Trust Funds, NS&I account/bonds and premium bonds. Please exclude any pensions you may have.",1,"None","Available from 2011 onwards"
,,,2,"£1-£499",
,,,3,"£500 - £999",
,,,4,"£1,000 - £1,999",
,,,5,"£2,000 - £2,999",
,,,6,"£3,000 - £3,999",
,,,7,"£4,000 - £4,999",
,,,8,"£5,000 - £5,999",
,,,9,"£6,000 - £6,999",
,,,10,"£7,000 - £7,999",
,,,11,"£8,000 - £8,999",
,,,12,"£9,000 - £9,999",
,,,13,"£10,000 - £12,499",
,,,14,"£12,500 - £14,999",
,,,15,"£15,000 - £17,499",
,,,16,"£17,500 - £19,999",
,,,17,"£20,000 - £24,999",
,,,18,"£25,000 - £29,999",
,,,19,"£30,000 - £34,999",
,,,20,"£35,000 - £39,999",
,,,21,"£40,000 - £44,999",
,,,22,"£45,000 - £49,999",
,,,23,"£50,000 - £74,999",
,,,24,"£75,000 - £99,999",
,,,25,"£100,000 - £149,999",
,,,26,"More than £150,000",
23,"nvesttot_m","Total amount of deposits and savings (continuous measure)",,"£ []","Available from 2014 "
24,"savingch","Over the next year are you planning to change the amount of money you save?",1,"Decrease by £300 or more a month","Available from 2011 to 2013"
,,,2,"Decrease by £200-£299 a month",
,,,3,"Decrease by £150-£199 a month",
,,,4,"Decrease by £100-£149 a month",
,,,5,"Decrease by £50-£99 a month",
,,,6,"Decrease by less than £50 a month",
,,,7,"Don't plan to change my monthly saving",
,,,8,"Increase by less than £50 a month",
,,,9,"Increase by £50-£99 a month",
,,,10,"Increase by £100-£149 a month",
,,,11,"Increase by £150-£199 a month",
,,,12,"Increase by £200-£299 a month",
,,,13,"Increase by £300 or more a month",
25,"savebcs1","What would you say is the main factor driving this increase? MAX 4 RESPONSES",1,"I am worried about future tax increases","Available from 2011 to 2013"
26,"savebcs2","Asked if savingch was an increase",2,"Fear of reducancy / job insecurity",
27,"savebcs3",,3,"I am worried about future interest rate increases",
28,"savebcs4",,4,"To make up for the fact that the value of my house or the value of my investments has fallen",
29,"savebcs5",,5,"Less guranteed monthly income",
30,"savebcs6",,6,"I have extra cash from a decrease in mortgage repayments",
31,"savebcs7",,7,"I have extra cash from increased income / second job / inheritance / lower bills",
32,"savebcs8",,8,"I am saving for a deposit on house or flat",
33,"savebcs9",,9,"I am saving for a big item, e.g. car, holiday, home improvements, etc",
34,"savebcs10",,10,"I am saving for retirement",
35,"savebcs11",,11,"I am saving for personal commitments e.g. marriage, children's education, long term care",
36,"savebcs12",,12,"I am trying to reduce my debts",
37,"savebcs13",,,"Other",
38,"savebcs14",,13,"I am worried about developments in the euro area",
39,"desavebcs1","What would you say is the main factor driving this decrease? MAX 4 RESPONSES",1,"I will be unable to save as much because of lower income","Available from 2011 to 2013"
40,"desavebcs2","Asked if savingch was a decrease",2,"I will be unable to save as much because of the higher cost of essentials like food and bills",
41,"desavebcs3",,3,"I will not save as much because I have bought the item I was saving for",
42,"desavebcs4",,4,"I will not save as much because I now have enough in saving accounts and other assets",
43,"desavebcs5",,5,"I will not save as much because of the low level of interest rates",
44,"desavebcs6",,6,"Other",
45,"emergency","Do you feel you have enough money set aside for emergencies?",1,"Yes","Available from 2012 onwards"
,,,2,"No",
,,,,"Prefer not to state",
,,,3,"Don't know",
46,"emerchange","Has the amount of money you feel is necessary to deal with emergencies changed relative to the same time last year ?",1,"Increased","Available in 2012 "
,,,2,"Stayed the same",
,,,,"Decreased",
,,,,"Don't know",
,,,3,"Prefer not to state",
47,"hsval","About how much would you expect to get from your main home if you sold it today?",1,"<£49000","Available from 2011 onwards"
,,,2,"£50,000-£74,999",
,,"(only asked to homeowners with mortgage)",3,"£75,000-£99,999",
,,,4,"£100,000-£124,999",
,,,5,"£125,000-£149,999",
,,,6,"£150,000-£174,999",
,,,7,"£175,000-£199,999",
,,,8,"£200,000-£224,999",
,,,9,"£225,000-£249,999",
,,,10,"£250,000-£274,999",
,,,11,"£275,000-£299,999",
,,,12,"£300,000-£349,999",
,,,13,"£350,000-£399,999",
,,,14,"£400,000-£449,999",
,,,15,"£450,000-£499,999",
,,,16,"£500,000-£599,999",
,,,17,"£600,000-£699,999",
,,,18,"£700,000-£799,999",
,,,19,"£800,000-£899,999",
,,,20,"£900,000-£999,999",
,,,21,"£1,000,000-£1,999,999",
,,,22,">=£2,000,000",
48,"hsval_m","House value (continuous measure)",,"£ []","Available from 2014 "
49,"betterworse2006","Would you say you are financially better off or worse off now than you would have expected at the end of 2006, before the start of the financial crisis?",,"Much better off","Available from 2013"
,,,,"Better off",
,,,,"About the same as I expected",
,,,,"Worse off",
,,,,"Much worse off",
,,,,"Don't know",
50,"betterworse2020","Do you think your household will be better off or worse off in another seven year's time (at the end of 2020) than you are now?",,"Much better off","Available in 2013"
,,,,"Better off",
,,,,"About the same as I expected",
,,,,"Worse off",
,,,,"Much worse off",
,,,,"Don't know",
51,"hpspend","We would like to get an understanding of how changes in house prices may impact people's attitude to spending in general.  How do you think your household spending would be affected if house proces were to increase by",,"We would spend more","Available in 2013"
,,,,"We would spend less",
,,,,"Our household spending would not be affected",
,," 10% in the next year? Would you say",,,
,,,,"Don't know",
52,"mg1tot","Roughly how much is left to pay on your current mortgage(s) and secured loan(s) on your home?",1,"<£10,000","Available from 2011 onwards"
,,,2,"£10,000-£19,999",
,,,3,"£20,000-£29,999",
,,,4,"£30,000-£39,999",
,,,5,"£40,000-£49,999",
,,,6,"£50,000-£59,999",
,,,7,"£60,000-£69,999",
,,,8,"£70,000-£79,999",
,,,9,"£80,000-£89,999",
,,,10,"£90,000-£99,999",
,,,11,"£100,000-£109,999",
,,,12,"£110,000-£129,999",
,,,13,"£130,000-£149,999",
,,,14,"£150,000-£169,999",
,,,15,"£170,000-£189,999",
,,,16,"£190,000-£209,999",
,,,17,"£210,000-£229,999",
,,,18,"£230,000-£249,999",
,,,19,"£250,000-£274,999",
,,,20,"£275,000-£299,999",
,,,21,"£300,000-£399,999",
,,,22,"£400,000-£499,999",
,,,23,"£500,000-£749,999",
,,,24,"£750,000-£999,999",
,,,25,">=£1,000,000",
53,"mg1tot_m","Outstanding mortgage (continuous measure)",,"£ []","Available from 2014 "
54,"xpmg","How much was your last monthly instalment on the mortgage(s) or loan(s) related to your home?",1,"<£100","Available from 2011 onwards"
,,,2,"£100-£149",
,,,3,"£150-£199",
,,,4,"£200-£249",
,,,5,"£250-£299",
,,,6,"£300-£349",
,,,7,"£350-£399",
,,,8,"£400-£449",
,,,9,"£450-£499",
,,,10,"£500-£549",
,,,11,"£550-£599",
,,,12,"£600-£649",
,,,13,"£650-£699",
,,,14,"£700-£749",
,,,15,"£750-£799",
,,,16,"£800-£849",
,,,17,"£850-£899",
,,,18,"£900-£949",
,,,19,"£950-£999",
,,,20,"£1,000-£1,249",
,,,21,"£1,250-£1,499",
,,,22,"£1,500-£1,749",
,,,23,"£1,750-£1,999",
,,,24,">=£2,000",
55,"xpmg_m","Mortgage debt to income gearing ratio (continuous measure)",,"£ []","Available from 2014 "
56,"intmg","What type of interest rate is being paid on the mortgage or loan?",,"Fixed","Available in 2011, 2013 and 2014"
,,"(add next to how much was your last monthly repayment on loans)",,"Capped",
,,,,"Discounted",
,,,,"Base rate tracker ",
,,,,"Standard Variable Rate (SVR)",
,,,,"Other (please specify)",
,,,,"Don't know",
,,,,"Prefer not to state",
57,"brrise"," The interest payment on mortgages is often linked to the official interest rate set by the Bank of England.  If the rate was to increase, your monthly payments would also increase.  About how much do you think your monthly mortgage payments could increase for a sustained period without you having to take some kind of action to find the extra money e.g. cut spending, work longer hours, or request a change to your mortgage?",,"£0-49","Available in 2011 and 2013"
,,,,"£50-99",
,,,,"£100-149",
,,,,"£150-199",
,,,,"£200-299",
,,,,"£300-399",
,,,,"£400-499",
,,,,"£500-599",
,,,,"£600-699",
,,,,"£700-799",
,,,,"£800-899",
,,,,"£900-999",
,,,,"£1000-1499",
,,,,"£1500 or more",
,,,,"Don't know",
,,,,"Prefer not to state",
58,"brrise_f","Although your monthly mortgage payments are currently fixed, we would like to understand the impact if your payments were to increase tomorrow.  
About how much do you think your monthly mortgage payments could increase for a sustained period without you having to take some kind of action to find the extra money e.g. cut spending, work longer hours, or request a change to your mortgage?
",,"£0-49","Available in 2013"
,,,,"£50-99",
,,,,"£100-149",
,,,,"£150-199",
,,,,"£200-299",
,,,,"£300-399",
,,,,"£400-499",
,,,,"£500-599",
,,,,"£600-699",
,,,,"£700-799",
,,,,"£800-899",
,,,,"£900-999",
,,,,"£1000-1499",
,,,,"£1500 or more",
,,,,"Don't know",
,,,,"Prefer not to state",
59,"mlender","Who is your mortgage provider?",,"Santander/Abbey","Available from 2013"
,,,,"Nationwide",
,,,,"Barclays/Woolwich",
,,,,"HSBC/First Direct",
,,,,"Lloyds TSB/Bank of Scotland/Cheltenham and Gloucester/Halifax",
,,,,"Royal Bank of Scotland/Natwest",
,,,,"Co-op/Britannia",
,,,,"None of these",
,,,,"Don't know",
60,"xphsdf","In the past twelve months, would you say you have had any difficulties paying for your accomodation?",0,"No","Available from 2011 onwards"
,,,1,"Yes",
61,"us","Do you or your household currently owe any money on the following types of loan or credit agreement? (list: usa-usk)",0,"No","Available from 2011 onwards"
,,,1,"Yes",
62,"usa","Unsecured debt instrument: hire purchase",,"No","Available from 2011 onwards"
63,"usb","Unsecured debt instrument: personal loan",,"Yes","2012 onwards includes additional option - payday loans"
64,"usc","Unsecured debt instrument: credit card",,,
65,"usd","Unsecured debt instrument: mail order purchase",0,,
66,"use","Unsecured debt instrument: DSS social fund loan",1,,
67,"usg","Unsecured debt instrument: something else",,,
68,"ush","Unsecured debt instrument: overdraft",,,
69,"usi","Unsecured debt instrument: student loan",,,
70,"usj","Unsecured debt instrument: store card",,,
71,"usk","Unsecured debt instrument: payday loans",,,
72,"ustot","How much money in total does you or your household currently owe on these loans?",1,"<£200","Available from 2011 onwards"
,,,2,"£200-£499",
,,,3,"£500-£999",
,,,4,"£1000-£1499",
,,,5,"£1500-£1999",
,,,6,"£2000-£2499",
,,,7,"£2500-£2999",
,,,8,"£3000-£3499",
,,,9,"£3500-£3999",
,,,10,"£4000-£4499",
,,,11,"£4500-£4999",
,,,12,"£5000-£5499",
,,,13,"£5500-£5999",
,,,14,"£6000-£6499",
,,,15,"£6500-£6999",
,,,16,"£7000-£7499",
,,,17,"£7500-£7999",
,,,18,"£8000-£8499",
,,,19,"£8500-£8999",
,,,20,"£9000-£9499",
,,,21,"£9500-£9999",
,,,22,"£10000-£14499",
,,,23,"£15000-£19999",
,,,24,"£20000-£24499",
,,,25,"£25000-£29999",
,,,26,">=£30000",
73,"ustot_m","Unsecured debt (continuous measure)",,"£ []","Available from 2014 "
74,"stdebt","And, within this, how much do you or your household currently owe on",,"£199 or less","Available from 2013"
,," student loans?",,"£200-499",
,,,,"£500-999",
,,,,"£1000-1499",
,,,,"£1500-1999",
,,,,"£2000-2499",
,,,,"£2500-2999",
,,,,"£3000-3499",
,,,,"£3500-3999",
,,,,"£4000-4499",
,,,,"£4500-4999",
,,,,"£5000-5499",
,,,,"£5500-5999",
,,,,"£6000-6499",
,,,,"£6500-6999",
,,,,"£7000-£7499",
,,,,"£7500 -7999",
,,,,"£8000 -£8499",
,,,,"£8500-£8999",
,,,,"£9000 -£9499",
,,,,"£9,500 - 9999",
,,,,"£10,000 to £14,999",
,,,,"£15,000 to £19,999",
,,,," £20,000 to £24,999",
,,,,"£25,000 to £29,999",
,,,,"£30,000 or more",
,,,,"Don’t know",
,,,,"Prefer not to state",
75,"stdebt_m","Student debt (continuous measure)",,"£ []","Available from 2014 "
76,"xpus","Taking into account of your unsecured debts, how much was your last monthly payment on all of the loans?",1,"<£10","Available from 2011 onwards"
,,,2,"£10-£19",
,,,3,"£20-£29",
,,,4,"£30-£39",
,,,5,"£40-£49",
,,,6,"£50-£59",
,,,7,"£60-£69",
,,,8,"£70-£79",
,,,9,"£80-£89",
,,,10,"£90-£99",
,,,11,"£100-£119",
,,,12,"£120-£139",
,,,13,"£140-£159",
,,,14,"£160-£179",
,,,15,"£180-£199",
,,,16,"£200-£219",
,,,17,"£220-£239",
,,,18,"£240-£259",
,,,19,"£260-£279",
,,,20,"£280-£299",
,,,21,"£300-£349",
,,,22,"£350-£399",
,,,23,"£400-£449",
,,,24,"£450-£499",
,,,25,">=£500",
77,"xpus_m","Unsecured debt to income gearing ratio (continuous measure)",,"£ []","Available from 2014 "
78,"xphpdf","To what extent is the repayment of these unsecured loans and the interest a financial burden on your household?",1,"A heavy burden","Available from 2011 onwards"
,,,2,"Somewhat of a burden",
,,,3,"Not a burden",
79,"condebt","How concerned are you about your current level of debt?  Please consider all debt, including any balances on credit /store cards, loans, or secured debt such as your mortgage. ",1,"Very concerned ","Available from 2012 onwards"
,,,2,"Somewhat concerned",
,,,3,"Not at all concerned",
80,"whycondebt1","Why are you concerned about your current level of debt?",,"I am currently having difficulties keeping up with repayments","Available from 2013"
81,"whycondebt2",,,"My current income is lower than I expected it to be when I took out the loan",
82,"whycondebt3",,,"I am concerned about my ability to make repayments in the future if my repayments increase because of higher interest rates",
83,"whycondebt4",,,"I am concerned about my ability to make repayments in the future because there is a chance my income could fall",
84,"whycondebt5",,,"The house that I have borrowed against is worth less than I expected it to be",
85,"whycondebt6",,,"Banks are unwilling to lend me more money because of my current level of debt",
86,"whycondebt7",,,"Other",
87,"whycondebt8",,,"Don’t know",
88,"whycondebt9",,,"Prefer not to state",
89,"whycondebt_otherspec",,,"Other (please specify)",
90,"actdebt1","What actions, if any, are you taking to deal with your concerns about your current level of debt? ",1,"Cutting back on spending","Available from 2012  onwards"
91,"actdebt2",,2,"Avoiding getting into any further debt",
92,"actdebt3",,3,"Making overpayments to clear the debt more quickly",
93,"actdebt4",,4,"Working longer hours / taking a second or better paid job",
94,"actdebt5",,5,"Getting financial help from family/relatives",
95,"actdebt7",,6,"Not taking any action ",
96,"actdebt6",,7,"Other ",
97,"actdebt8",,,"Don't know",
98,"actdebt9",,,"Prefer not to state",
99,"actdebt_otherspec",,,"Other (specify)",
100,"changecondebt","How has your concern about your current level of debt changed over the last two years? - changed taken out two in 2013",1,"Increased","Available from 2012 to 2013"
,,,2,"Stayed the same",
,,,3,"Decreased",
101,"billscc","Which one of the following statements best describes how well your household is keeping up with your bills and/or credit commitments at the moment?",1,"I am keeping up without much difficulty","Available in 2011 and 2012"
,,,2,"I am keeping up, but it is a struggle from time to time",
,,,3,"I am keeping up, but it is a constant struggle",
,,,4,"I am falling behind on some",
,,,5,"I am having real financial problems and have fallen behind with many",
,,,,"Don't know",
,,,,"Prefer not to state",
102,"actbillscc1","What actions, if any, are you taking to resolve the difficult you have in keeping up with bill and and / or credit commitments?  Please select no more than three of the following. Max 3 answers.",,"Taking out another loan","Available in 2011 and 2012"
103,"actbillscc2",,,"Taking out another mortgage on your house",
104,"actbillscc3",,,"Selling your house",
105,"actbillscc4",,,"Declaring yourself insolvent i.e. bankruptcy or IVA",
106,"actbillscc5",,,"Entering into another debt solution such as a debt management plan",
107,"actbillscc6",,,"Cutting back on spending",
108,"actbillscc7",,,"Using cash in savings / other assets",
109,"actbillscc8",,,"Working longer hours / taking a second or better paid job",
110,"actbillscc9",,,"Getting financial help from family / relatives",
111,"actbillscc10",,,"Other ",
112,"actbillscc11",,,"Not taking any action",
113,"actbill_otherspec",,,"Other (specify)",
114,"hscntcr1","Have your been put off spending because you are concerned that you will not be able to get credit when you need it?",0,"Yes","Available from 2011 onwards"
,,,,"No ",
,,,,"Don't know",
,,,,"Prefer not to state",
115,"hscntcr2","Would you like to borrow any more at the moment but find it too expensive or difficult to do so?",,"Yes","Available in 2011"
,,,,"No ",
,,,,"Don't know",
,,,,"Prefer not to state",
116,"hscrchg","Have your found it easier or harder to borrow to finance spending than a year ago?",1,"Harder","Available from 2011 to 2013"
,,,2,"Easier",
,,,3,"The same",
117,"newloan","Have you applied for one of more new loans (including mortgage applications) over the past year?",,"Yes","Available from 2012 to 2013"
,,,,"No",
,,,,"Don't know",
,,,,"Prefer not to state",
118,"outloan","What was the final outcome of your loan application(s)?",,"I got the loan(s) I applied for without any difficulty","Available from 2012 to 2013"
,,,,"I eventually got the loan(s) I wanted, but only after some difficulty",
,,,,"I got the loan(s) that I applied for, but they were more costly than I had anticipated",
,,,,"I decided not to take up the loan(s) I applied for because they were more costly than I had anticipated",
,,,,"I was refused the loan(s) or was unable to borrow as much as I would have liked",
,,,,"My application is still ongoing",
,,,,"Don't know",
,,,,"Prefer not to state",
119,"nomortgage","Would you like to buy a property but  are unable to obtain a mortgage?",,"Yes ","Available from 2013"
,,,,"No ",
,,,,"Don't know",
,,,,"Refused",
,,,,"Not applicable",
120,"deposit","Would you like to buy a property but  are unable to obtain a mortgage because of the deposit requirement?",,"Yes","Available in 2012 "
,,,,"No",
,,,,"Don't know",
,,,,"Prefer not to state",
121,"deposits_m","Deposit savings (continuous measure)",,"£ []","Available from 2014 "
122,"refmortg1","What are the reasons you are unable to obtain a mortgage?",,"I don't have a large enough deposit","Available from 2013"
123,"refmortg2",,,"I would be unable to afford monthly repayments",
124,"refmortg3",,,"I might not be able to afford the monthly repayments if interest rates rise",
125,"refmortg4",,,"My credit record is not strong enough",
126,"refmortg5",,,"My personal circumstance",
127,"refmortg6",,,"Other ",
128,"refmortg7",,,"Don't know",
129,"refmortg8",,,"Prefer not to state",
130,"refmortg_otherspec",,,"Other (specify)",
131,"depositsave","How long have you been saving in order to build up a large enough deposit?",,"Haven't started saving yet","Available in 2012 "
,,,,"Less than a year",
,,,,"1 year",
,,,,"2 years",
,,,,"3 years",
,,,,"4 years",
,,,,"5 years",
,,,,"6 years",
,,,,"7 years",
,,,,"8 years",
,,,,"More than 8 years",
,,,,"Don't know",
,,,,"Prefer not to state",
132,"timedeposit","How much longer do you expect to have to save to obtain a large enough deposit to buy a property?",,"Less than a year","Available in 2012 "
,,,,"1 year",
,,,,"2 years",
,,,,"3 years",
,,,,"4 years",
,,,,"5 years",
,,,,"6 years",
,,,,"7 years",
,,,,"8 years",
,,,,"More than 8 years",
,,,,"Don't know",
,,,,"Prefer not to state",
133,"hhincfall","To the best of your knowledge, how likely is it that your household income will fall sharply over the next year or so (for example, because you or someone in your household are made redundant)?",,"Not very likely - my household income is very secure","Available from 2013"
,,,,"Not likely, but there is a small chance of  a sharp fall in my household income",
,,,,"Quite likely - my household income could fall sharply",
,,,,"Don't know",
,,,,"Prefer not to state",
134,"conhhinc","Are you more concerned now than a year ago, that your household income will fall sharply over the next year or so?",,"Yes","Available from 2012 to 2013"
,,,,"No",
,,,,"Don't know",
,,,,"Prefer not to state",
135,"fisc_impact1","In 2010, the government announced a set of measures in order to cut the country's budget deficit. Some of these measures have already come into effect. How have these measures affected your household over the past year? MAX 3 ANSWERS",1,"Loss/reduction of my income benefits","Available in 2011 and 2012"
136,"fisc_impact2",,2,"Lost my job or my partner’s job","*Wording of fisc_impact4 changed between 2011 and 2012. In 2011 survey referred to 'lower income'"
137,"fisc_impact3",,3,"There has been a cut back on services which I use/have used",
138,"fisc_impact4",,4,"Lower pre-tax employment income",
139,"fisc_impact5",,5,"Higher taxes",
140,"fisc_impact6",,6,"I do not think I have been heavily affected  ",
141,"fisc_impact7","fisc_impact6 AND fisc_impact7 ARE MUTUTALLY EXCLUSIVE",7,"I have not really thought about it",
142,"fisc_impact8",,8,"Other",
143,"fisc11_act1","Which, if any, of the following actions have you taken in response to those measures? Please select just three of the following. MAX 3 ANSWERS",1,"Saved more","Available in 2011 and 2012"
144,"fisc11_act2",,2,"Spent more",
145,"fisc11_act3",,3,"Looked for and/or found a new job",
146,"fisc11_act4",,4,"Worked longer hours / taken a second or better paid job",
147,"fisc11_act5",,5,"I have not taken any action",
148,"fisc11_act6","fisc11_act5 IS MUTUALLY EXCLUSIVE",6,"Other ",
149,"fisc11_conc1","Some of the government's measures will come into effect over coming years. Which of the following are you most concerned about for the future? MAX 3 ANSWERS",1,"Loss/reduction of my income benefits","Available in 2011 and 2012"
150,"fisc11_conc2",,2,"Losing my job or my partner’s job","*Wording of fisc_impact4 changed between 2011 and 2012. In 2011 survey referred to 'lower income'"
151,"fisc11_conc3",,3,"There might be a cut back on services which I use/have used",
152,"fisc11_conc4",,4,"Lower pre-tax employment income",
153,"fisc11_conc5",,5,"Higher taxes",
154,"fisc11_conc6","fisc11_conc6 AND fisc11_conc7 ARE MUTUTALLY EXCLUSIVE",6,"I do not think I will be heavily affected  ",
155,"fisc11_conc7",,7,"I have not really thought about it",
156,"fisc11_conc8",,8,"Other",
157,"fisc_likeact1","Which, if any of the following actions will you take in response to those measures? MAX 3 ANSWERS",1,"Save more","Available in 2011 and 2012"
158,"fisc_likeact2",,2,"Spend more",
159,"fisc_likeact3",,3,"Look for a new job",
160,"fisc_likeact4",,4,"Work longer hours / take a second or better paid job",
161,"fisc_likeact5",,5,"I don't plan to take any action but may if the need arises",
162,"fisc_likeact6","fisc_likact5 IS MUTUALLY EXCLUSIVE",6,"Other ",
163,"forebearsec1","Are you or your household currently benefitting from any of the options below to help ease the burden of your mortgage? Please include options that you are benefitting from that were permitted in the original terms of your mortgage as well as those that were not. Do not include any general benefit you may be getting from the current low interest rates.",1,"A (temporary or permanent) switch from a repayment mortgage to an interest only (or part repayment/part interest only) mortgage","Available in 2011 only"
164,"forebearsec2",,2,"A reduction in interest rate offered due to difficulties in making payments",
165,"forebearsec3",,3,"Having a (part or full) mortgage payment holiday",
166,"forebearsec4",,4,"Having lower monthly payments due to having extended the term of your mortgage in the past",
167,"forebearsec5",,5,"Having had mortgage arrears added to your outstanding mortgage balance (capitalisation) in the past",
168,"forebearsec6",,6,"Claiming Support for Mortgage Interest (SMI)",
169,"forebearsec7","RANDOMISE ORDERS OF CODES",7,"Another change to the terms of an existing mortgage to help ease the burden of payment",
170,"forebearsec8",,8,"None of these  i.e. did not need help to meet payments or did not request / was not granted any of the above",
171,"forebeareffsec","If you had not made this change, which of the following would describe your likely situation? ",1,"I would be up to date with my mortgage payments, without much struggle. ","Available in 2011 only"
,,,2,"I would be up to date with my mortgage payments, but it would be a struggle",
,,"ASKED IF ANY OF forebearsec1-forebearsec7=1",3,"I would be behind on my mortgage payments by less than 6 months of payments",
,,,4,"I would be behind on my mortgage payments by 6 months or more of payments ",
172,"forebearunsec1","Are you or your household currently benefitting from any of the following actions / changes to your loan agreement to help ease the burden of your debt (other than mortgage debt)?",1,"A Debt Management Plan (DMP), Debt Relief Order (DRO), Bankruptcy order or IVA","Available in 2011 only"
173,"forebearunsec2",,2,"Making token payments to creditors ",
174,"forebearunsec3","RANDOMISE ORDERS OF CODES",3,"Having lower monthly payments due to having extended the term of your loan in the past",
175,"forebearunsec4",,4,"Another change to the terms of an existing unsecured loan to help ease the burden of payment",
176,"forebearunsec5",,5,"None of the above (did not need help to meet payments or did not request / was not granted any of the above)",
177,"forebeareffunsec","If you had not made this change, which of the following would describe your likely situation?",1,"I would be up to date with my loan payments, without much struggle","Available in 2011 only"
,,,2,"I would be up to date with my loan payments, but it would be a struggle",
,,"ASK IF ANY OF forebearunsec1-forebearunsec4=1",3,"I would be behind on my loan payments ",
178,"uncert","How certain are you that you know what your household income will be a year from now?",1,"I have a good idea of what my household income will be in a year’s time","Available in 2011 only"
,,,2,"I have a vague idea of what my household income will be in a year’s time",
,,,3,"I have no idea what my household income will be in a year’s time",
179,"uncertch","And how, if at all, has your certainty about your future household income changed over the past year?",1,"I have become less certain","Available in 2011 only"
,,,2,"No change",
,,,3,"I have become more certain",
180,"hr_m_resp1","If your monthly mortgage payments were to increase for a sustained period by £x [which is calculated automatically from software as the payment increase under a two percentage point increase in interest rates], how do you think you would respond? Please assume your income would not be any higher unless you take action to increase it. ",,"Cut back on spending","Available from 2014"
181,"hr_m_resp2",,,"Reduce the amount put aside as saving each month.",
182,"hr_m_resp3",,,"Take up paid employment myself",
183,"hr_m_resp4",,,"Someone else in my household would take up paid employment",
184,"hr_m_resp5",,,"Work longer hours / take a second or better paid job",
185,"hr_m_resp6","MAX 3 ANSWERS",,"Get financial help from family / relatives",
186,"hr_m_resp7","RANDOMISE ORDERS OF 1 to 9",,"Request a change to your mortgage with the lender",
187,"hr_m_resp8","ONLY ALLOW 3 TO BE SELECTED IF NOT IN FULL OR PART-TIME PAID EMPLOYMENT OR SELF-EMPLOYED",,"Move to a cheaper property",
188,"hr_m_resp9",,,"Sell your property and rent",
189,"hr_m_resp10",,,"Other ",
190,"hr_m_resp11",,,"Don’t know",
191,"hr_m_resp12",,,"Prefer not to state",
192,"mgarrears","In the past 12 months have you ever found yourself more than two months behind with your mortgage payments (known as being ‘in arrears’)? Please exclude any pre-arranged payment holidays.",,"Yes","Available from 2014"
,,,,"No ",
,,,,"Don't know",
,,,,"Prefer not to state",
193,"hr_uspayinc","Software calculation: unsecured loan repayment increase if rates rose 2%",,,"Available from 2014"
194,"hr_us_resp1","If your monthly unsecured loan payments were to increase for a sustained period by £x [which is calculated automatically from software as the payment increase under a two percentage point increase in interest rates], how do you think you would respond? Please assume your income would not be any higher unless you take action to increase it. ",,"Cut back on spending","Available from 2014"
195,"hr_us_resp2",,,"Reduce the amount put aside as saving each month",
196,"hr_us_resp3",,,"Take up paid employment myself",
197,"hr_us_resp4",,,"Someone else in my household would take up paid employment",
198,"hr_us_resp5",,,"Work longer hours / take a second or better paid job",
199,"hr_us_resp6","MAX 3 ANSWERS",,"Get financial help from family / relatives",
200,"hr_us_resp7","RANDOMISE ORDER OF 1 to 7",,"Request a change to your loan with the lender(s)",
201,"hr_us_resp8","ONLY ALLOW 3 TO BE SELECTED IF NOT IN FULL OR PART-TIME PAID EMPLOYMENT OR SELF-EMPLOYED",,"Other",
202,"hr_us_resp9","ONLY ASK IF HOLD UNSECURED DEBT>£4,999",,"Don’t know",
203,"hr_us_resp10",,,"Prefer not to state",
204,"expryr","Do you expect to buy a property to live in, or trade up to a more expensive property, within the next twelve months?",,"Yes","Available from 2014"
,,,,"No ",
,,,,"Don't know",
,,,,"Prefer not to state",
205,"hr_saviinc","Software calculation: savings interest increase if rates rose 2%",,,"Available from 2014"
206,"hr_sav_resp1","If the monthly interest you receive on your savings were to increase for a sustained period by £x [which is calculated automatically from software as the payment increase under a two percentage point increase in interest rates], how do you think you would respond? Please assume your other sources of income would not change.",,"Increase spending","Available from 2014"
207,"hr_sav_resp2",,,"Work fewer hours",
208,"hr_sav_resp3",,,"Put more money into savings accounts",
209,"hr_sav_resp4",,,"Other",
210,"hr_sav_resp5",,,"Do nothing (i.e. allow the additional interest to accumulate in my saving account)",
211,"hr_sav_resp6","RANDOMISE ORDER OF 1 to 3",,"Don’t know",
212,"hr_sav_resp7","ONLY ASK IF HOLD SAVINGS>£4,999",,"Prefer not to state",
213,"hourswilling","Earlier you mentioned that you are currently unemployed and seeking work. About how many hours in a week do you think you would be able to work?",,"Hours []","Available from 2014"
,,,,"Don't know",
,,"ASK IF UNEMPLOYED AND SEEKING WORK ",,"Prefer not to state",
214,"unemppayexp","What weekly take-home pay would you expect to get for working [INSERT HOURS FROM 'housrwilling'] hours per week?",,"£ []","Available from 2014"
,,,,"Don't know",
,,"ASK UNLESS DON’T KNOW OR 0 AT 'hourswilling'",,"Prefer not to state",
215,"lowestwage","What is the lowest weekly take-home pay you would consider accepting for a job?",,"£ []","Available from 2014"
,,,,"Don't know",
,,"ASK IF UNEMPLOYED AND SEEKING WORK ",,"Prefer not to state",
216,"unempminhours","About how many hours in a week would you expect to have to work to be paid [INSERT AMOUNT FROM 'lowestwage'? ",,"Hours []","Available from 2014"
,,,,"Don't know",
,,"ASK UNLESS DON’T KNOW AT 'lowestwage'",,"Prefer not to state",
2217,"numproperties","How many properties (excluding your family home) do you own?",,1,"Available from 2014"
,,"ASK IF OWN ANOTHER PROPERTY and property owned for BTL purposes ",,2,
,,,,3,
,,,,4,
,,,,5,
,,,,6,
,,,,"More than 6",
,,,,"Prefer not to state",
218,"numproperties_cash","How many of your properties (excluding your family home) did you buy with cash rather than a mortgage?",,0,"Available from 2014"
,,,,1,
,,"ASK IF OWN ANOTHER PROPERTY and property owned for BTL purposes ",,2,
,,,,3,
,,,,4,
,,,,5,
,,,,6,
,,,,"More than 6",
,,,,"Prefer not to state",
219,"btl_inc1","How would you respond if the rental income on one of the properties you own other than your main family home was less than the cost of its mortgage?",,"Use my own income/savings to fund the mortgage","Available from 2014"
220,"btl_inc2",,,"Use rental income from other properties I own to fund the mortgage",
221,"btl_inc3",,,"Request a change in the terms of the mortgage",
222,"btl_inc4","ASK IF OWN ANOTHER PROPERTY and property owned for BTL purposes ",,"Sell the property",
223,"btl_inc5","MAX 2 ANSWERS",,"Other",
224,"btl_inc6","RANDOMISE ORDER OF 1 to 4",,"Don’t know",
225,"btl_inc7",,,"Prefer not to state",
226,"bought_year","When did you buy your current home? ",,,"Available from 2014"
,,"ASK IF MORTGAGOR AND RESPONSIBLE FOR FINANCIAL DECISION MAKING",,,
227,"chmort_year","When did you last take out a mortgage or secured loan on your main home, or make a change to the amount borrowed on an existing mortgage or secured loan on this property?  ",,,"Available from 2014"
,,"ASK IF MORTGAGOR AND RESPONSIBLE FOR FINANCIAL DECISION MAKING",,,
228,"chininc","How does the current annual income of the whole of your household (before deductions) compare with what it was when you last took out a mortgage or secured loan on your main home, or made a change to the amount borrowed on an existing mortgage or secured loan on this property?",,"Increased a lot","Available from 2014"
,,"ASK RESPONDENTS TO chmort_year",,"Increased  slightly",
,,,,"Roughly unchanged",
,,,,"Decreased  slightly",
,,,,"Decreased a lot",
,,,,"Don’t know",
,,,,"Prefer not to state",
,,,,,
229,"ci_down_a","You indicated in your answer to the previous question that your  current annual household income (before deductions) has fallen from what it was  when you last made a change to your mortgage. What were the main reasons why your income fell?

",,"Moved to a new job with lower  salary or bonus ","Available from 2014"
230,"ci_down_b","ASK IF HOUSEHOLD RESPONDED  ""DECREASED SLIGHTLY"" OR ""DECREASED A LOT"" IN chininc",,"Salary or bonus in existing job has reduced ",
231,"ci_down_c",,,"Now working fewer hours / part time",
232,"ci_down_d",,,"Was made redundant / lost job",
233,"ci_down_e",,,"Moved from working to studying ",
234,"ci_down_f",,,"Accident / long term sickness",
235,"ci_down_g",,,"Retirement",
236,"ci_down_h",,,"Household break-up",
237,"ci_down_j",,,"Income earner passed away",
238,"ci_down_l",,,"Other ",
239,"ci_up_a","Have any of the following changes occurred in your household since [INSERT ANSWER FROM chmort_year] when you last made a change to your mortgage? ",,"One (or more) wage  earners has/have joined the household (e.g. new partner who goes out to work)","Available from 2014"
240,"ci_up_b",,,"One (or more) wage  earners has/have left the household (e.g. have separated or got divorced)",
241,"ci_up_c","ASK IF INCOME INCREASED OR UNCHANGED SINCE LAST MADE CHANGE TO MORTGAGE ",,"One (or more) wage earners have stopped working or reduced their hours by 21 hours or more per week (e.g. have retired or given up work to look after the home)",
242,"ci_up_d",,,"One (or more) main wage earners have started working or increased their hours by 21 hours or more per week (e.g. returned to work)",
243,"ci_up_e",,,"None of the above",
244,"hpexp1","How much would you expect house prices in your region to change over the next twelve months?",,"Decrease by more than 20%","Available from 2014"
,,,,"Decrease by 10% - 20%",
,,,,"Decrease by 5% - 9.9%",
,,,,"Decrease by 1% - 4.9%",
,,,,"No change",
,,,,"Increase by 1% - 4.9%",
,,,,"Increase by 5% - 9.9%",
,,,,"Increase by 10% - 20%",
,,,,"Increase by more than 20%",
,,,,"Don’t know",
245,"btl1","Do you currently own any property other than your main family home?",,"Yes","Available from 2014"
,,,,"No",
,,,,"Don’t know",
,,,,"Prefer not to state",
246,"btlr1","Selecting from the below, what are the main reasons you currently own property other than your main family home?",,"To get income from rent","Available from 2014"
247,"btlr2","ASK IF HOUSEHOLD RESPONDED THAT THEY OWN PROPERTY IN btl1",,"For investment purposes as I expect its value to increase",
248,"btlr3",,,"To keep the property to potentially live there in the future",
249,"btlr4",,,"As a result of family circumstances (for example, moving in with a partner, inheritance)",
250,"btlr5",,,"As a second/holiday home for part of the year",
251,"btlr6",,,"For family members to live in ",
252,"btlr7",,,"To fund my retirement",
253,"btlr8",,,"Other ",
254,"btl2","Other than your main home, do you expect to buy an(other) additional property (e.g. holiday home, buy-to-let property) in the next twelve months?",,"Yes","Available from 2014"
,,,,"No",
,,,,"Don’t know",
,,,,"Prefer not to state",
255,"yexp_d","Over the next twelve months, how do you expect your household income (before anything is deducted for tax, National Insurance, pension schemes etc.) to change?",,"Increase","Available from 2014"
,,,,"Stay the same",
,,,,"Decrease",
,,,,"Don’t know",
,,,,"Prefer not to state",
256,"yexp","By how much do you expect your household income (before anything is deducted for tax, National Insurance, pension schemes etc.) to increase/decrease over the next twelve months? Please enter a percentage change.
",,,"Available from 2014"
257,"changehhinc","Has your household received more or less money, from both work and non-work sources, over the last 12 months than you would have expected this time last year? ",,"More",
,,,,"About the same",
,,,,"Less",
258,"morehhinc","Compared to what you expected this time last year, how much more money did your household receive over the last 12 months? Please specify an approximate annual amount in pounds. ",,,"Available from 2014"
,,"ASK IF HOUSEHOLD RESPONDED THAT THEY RECEIVED ""MORE"" IN morehhinc",,,
259,"temporperminc","Are you treating this unexpected increase in money received by your household as:  ",,"A temporary increase ",
,,"ASK IF HOUSEHOLD RESPONDED THAT THEY RECEIVED ""MORE"" IN morehhinc",,"An increase that is likely to persist",
,,,,"Don’t know",
,,,,"Prefer not to state",
260,"lesshhinc","Compared to what you expected this time last year, how much less money did your household receive over the last 12 months? Please specify an approximate annual amount in pounds. ",,,"Available from 2014"
,,"ASK IF HOUSEHOLD RESPONDED THAT THEY RECEIVED ""LESS"" IN morehhinc",,,
261,"temporpermdec","Are you treating this unexpected decrease in money received by your household as:   ",,"A temporary decrease ",
,,"ASK IF HOUSEHOLD RESPONDED THAT THEY RECEIVED ""LESS"" IN morehhinc",,"A decrease that is likely to persist",
,,,,"Don’t know",
,,,,"Prefer not to state",
262,"changespend","How did you change your annual spending in response to this unexpected change in money received by your household? ",,"Spent more","Available from 2014"
,,"ASK IF HOUSEHOLD RESPONDED THAT THEY RECEIVED ""MORE"" OR ""LESS"" IN morehhinc",,"Spent the same",
,,,,"Spent less",
263,"morespend","You indicated earlier in the survey that your household received more over the last 12 months than you had expected a year ago. By how much did you increase your annual spending in response to this?",,,"Available from 2014"
,,"ASK IF HOUSEHOLD RESPONDED THAT THEY ""SPENT MORE"" IN changespend",,,
264,"lessspend","You indicated earlier in the survey that your household received  more/less over the last 12 months than you had expected a year ago. By how much did you decrease your annual spending in response to this?",,,"Available from 2014"
,,"ASK IF HOUSEHOLD RESPONDED THAT THEY ""SPENT LESS"" IN changespend",,,
265,"workingstatus","Which one of these applies to you?",,"Have paid job - full time (30+ hours per week)","Available from 2014"
,,,,"Have paid job - part time (up to 29 hours per week)",
,,,,"Self-employed",
,,,,"Full time student/still at school",
,,,,"Unemployed and seeking work",
,,,,"Retired",
,,,,"Not in paid work because of long term illness or disability",
,,,,"Not in paid work for other reason",
,,,,"Prefer not to state",
266,"numberchildren","How many children live in your household (those aged under 16)?",,,"Available from 2014"
267,"otheradults","Excluding yourself, how many other adults live in your household (those aged 16 or over)?",,,"Available from 2014"
268,"expire_year2","When does your fixed interest rate deal expire?",,2014,"Available from 2014"
,,"ASK IF HOUSEHOLD RESPONDED ""FIXED"" IN intmg",,2015,
,,,,2016,
,,,,2017,
,,,,"2018 or later",
,,,,"Don’t know",
,,,,"Prefer not to state",
269,"statusadults1","Please enter the number of other adults in your household (excluding yourself) who fall into each of the below categories.",,"Self-employed","Available from 2014"
270,"statusadults2","ASK IF otheradults >0",,"Have paid job (full time and part time)",
271,"statusadults3",,,"Unemployed and seeking work",
272,"statusadults4",,,"Retired",
273,"statusadults6",,,"Full time student/still at school",
274,"statusadults7",,,"Not in paid work because of long term illness or disability",
275,"statusadults10",,,"Not in paid work for other reason",
276,"statusadultsref",,,"Prefer not to state",
277,"billamount_m","When reporting your monthly income after paying tax, National Insurance, housing costs (e.g. rent and mortgage repayments), loan repayments (e.g. personal loans, credit cards) and bills (e.g. electricity and council tax) how much did you allow for bills?     ",,,"Available from 2014"
,,"ASK RESPONDENTS TO dfihhyr",,,
278,"intval_m","Could you state the approximate interest rate you are currently paying on your mortgage(s) or loan(s) related to your main home? If you have more than one mortgage or loan, please state the interest rate on the largest loan. ",,,"Available from 2014"
279,"be10b_m","About how much do you think your monthly mortgage payments could increase for a sustained period without you having to take some kind of action to find the extra money e.g. cut spending, work longer hours, or request a change to your mortgage?",,,"Available from 2014"
,,"ASK IF HOUSEHOLD RESPONDED  ""DISCOUNTED"", ""BASE RATE TRACKER"" OR ""STANDARD VARIABLE RATE"" IN intmg",,,
280,"be10c_m","About how much do you think your monthly mortgage payments could increase for a sustained period without you having to take some kind of action to find the extra money e.g. cut spending, work longer hours, or request a change to your mortgage?",,,"Available from 2014"
,,"ASK IF HOUSEHOLD RESPONDED  ""FIXED"" OR ""CAPPED"" IN intmg",,,
281,"intexp1","The level of interest rates set by the Bank of England (Bank Rate) is currently 0.5%. At what level do you expect that interest rate to be in one year from now? ",,"0 - 0.9%","Available from 2014"
,,,,"1 - 1.9%",
,,,,"2 - 2.9%",
,,,,"3 - 3.9%",
,,,,"4 - 4.9%",
,,,,"5% or more",
,,,,"Don’t know",
282,"intexp2","The level of interest rates set by the Bank of England (Bank Rate) is currently 0.5%. At what level do you expect that interest rate to be in two year from now? ",,"0 - 0.9%","Available from 2014"
,,,,"1 - 1.9%",
,,,,"2 - 2.9%",
,,,,"3 - 3.9%",
,,,,"4 - 4.9%",
,,,,"5% or more",
,,,,"Don’t know",
283,"intexp3","The level of interest rates set by the Bank of England (Bank Rate) is currently 0.5%. At what level do you expect that interest rate to be in five year from now? ",,"0 - 0.9%","Available from 2014"
,,,,"1 - 1.9%",
,,,,"2 - 2.9%",
,,,,"3 - 3.9%",
,,,,"4 - 4.9%",
,,,,"5% or more",
,,,,"Don’t know",
284,"hr_m_sp","How much would you reduce your monthly spending by in this situation?  ",,,"Available from 2014"
,,"ASK RESPONDENTS TO hr_m_a (who would change spending  in response to 2 pp interest rate rise)",,,
285,"hr_us_sp","How much would you reduce your monthly spending by in this situation?  ",,,"Available from 2014"
,,"ASK RESPONDENTS TO hr_us_a  (who would change spending  in response to 2 pp interest rate rise)",,,
286,"hr_sav_sp","How much would you increase your monthly spending by in this situation?  ",,,"Available from 2014"
,,"ASK RESPONDENTS TO hr_sav_a  (who would change spending  in response to 2 pp interest rate rise)",,,
